,time,values,metric data
0,1650793456.386,5.38337,__name__: NooBaa_Endpoint_process_cpu_seconds_total
1,1650793481.433,7.12939,cluster: moc/smaug
2,1650793511.433,10.070701,endpoint: metrics
3,1650793541.433,17.603473,instance: 10.129.8.194:7004
4,1650793571.433,26.999507,job: s3
5,1650793601.433,39.992347,namespace: openshift-storage
6,1650793631.433,48.036432000000005,pod: noobaa-endpoint-84799dddf5-dlfd6
7,1650793661.433,55.825176,prometheus: openshift-monitoring/k8s
8,1650793691.433,64.51862399999999,service: s3
9,1650793721.433,73.82508499999999,tenant_id: moc-smaug
10,1650793751.433,77.54588399999999,
11,1650793781.433,93.82335899999998,
12,1650793811.433,104.79582799999999,
13,1650793841.433,117.32571499999997,
14,1650793871.433,125.80601999999998,
15,1650793901.433,137.61874099999997,
16,1650793931.433,149.98858499999997,
17,1650793961.433,160.13949699999998,
18,1650793991.433,168.75586799999996,
19,1650794021.433,180.22774199999995,
20,1650794051.433,187.84768599999995,
21,1650794081.433,198.46200099999993,
22,1650794111.433,210.54693899999992,
23,1650794141.433,221.05983899999993,
24,1650794171.433,233.30109199999993,
25,1650794201.433,240.92309699999993,
26,1650794231.433,245.11288999999994,
27,1650794261.433,261.77863499999995,
28,1650794291.433,262.587389,
29,1650794321.433,273.010138,
30,1650794351.433,289.68670999999995,
31,1650794381.433,317.746563,
32,1650794411.433,344.523704,
33,1650794441.433,368.74827300000004,
34,1650794471.433,386.72884700000003,
35,1650794501.433,396.03276600000004,
36,1650794531.433,409.80750000000006,
37,1650794561.433,423.0568430000001,
38,1650794591.433,433.34399500000006,
39,1650794621.433,443.6427760000001,
40,1650794651.433,454.0158980000001,
41,1650794681.433,463.7874920000001,
42,1650794711.433,471.4840920000001,
43,1650794741.433,480.8277310000001,
44,1650794771.433,491.7263390000001,
45,1650794801.433,503.33070400000014,
46,1650794831.433,511.8021900000001,
47,1650794861.433,515.4028180000001,
48,1650794891.433,517.1764810000001,
49,1650794921.433,528.9982130000001,
50,1650794951.433,539.7118760000001,
